,Investors,Number of Investments
0,Sequoia Capital,20
1,Kuang-Chi,1
2,Tiger Global Management,15
3,Jungle Ventures,2
4,GIC. Apis Partners,1
5,Vision Plus Capital,2
6,Hopu Investment Management,1
7,500 Global,1
8,Sequoia Capital China,30
9,Dragonfly Captial,1
10,SingTel Innov8,1
11,Mundi Ventures,1
12,Vertex Ventures SE Asia,1
13,Andreessen Horowitz,33
14,B Capital Group,2
15,Temasek,3
16,Founders Fund,5
17,Khosla Ventures,12
18,index Ventures,1
19,Tencent Holdings,13
20,SoftBank Group,13
21,Forerunner Ventures,3
22,GGV Capital,9
23,Hillhouse Capital Management,4
24,Accel,29
25,Accel Partners,5
26,Benchmark,6
27,IDG Capital,9
28,Lightspeed Venture Partners,14
29,New Enterprise Associates,18
30,General Catalyst,13
31,DST Global,7
32,Coatue Management,6
33,Vickers Venture Partners,1
34,KKR,7
35,Caffeinated Capital,3
36,LTW Capital,1
37,Initialized Capital,5
38,Aviation Industry Corporation of China,1
39,Activant Capital,1
40,DFJ Growth Fund,2
41,Accel India,1
42,MindWorks Ventures,1
43,Index Ventures,14
44,General Catalyst Partners,1
45,Y Combinator,8
46,DJF,1
47,Upper90,1
48,Ribbit Capital,1
49,Bessemer Venture Partners,13
50,Redalpine Venture Partners,1
51,Summit Partners,3
52,Vattenfall,1
53,Nintendo,1
54,Target Global,2
55,BOLDstart Ventures,3
56,Addition,1
57,Global Founders Capital,7
58,American Express Ventures,1
59,Didi Chuxing,1
60,Sutter Hill Ventures,2
61,01 Advisors,1
62,D1 Capital Partners,1
63,Kaalari Capital,1
64,Tenaya Capital,1
65,Bloomberg Beta,1
66,Sixth Street Partners,2
67,Union Square Ventures,5
68,Sequoia Capital India,12
69,Insight Venture Partners,3
70,Menlo Ventures,5
71,Volkswagen Group,1
72,Norwest Venture Partners,6
73,Morgan Creek Digital,1
74,Tencent,3
75,Third Point,1
76,General Atlantic,11
77,Slack Fund,1
78,Institutional Venture Partners,4
79,TA Associates,1
80,Technology Crossover Ventures,4
81,BPI France,1
82,Atomico,3
83,Barter Ventures,1
84,Thrive Capital,8
85,Warmsun Holding,1
86,Pine Brook,1
87,Insight Partners,25
88,BlackRock,2
89,Venrock,4
90,NextView Ventures,2
91,Alibaba Group,4
92,Battery Ventures,5
93,Aglae Ventures,2
94,Blackstone,4
95,VY Capital,2
96,Nexus Venture Partners,4
97,Matrix Partners,5
98,Highland Europe,1
99,Founders Fund. Accel,1
100,Kaszek Ventures,5
101,Credit Suisse,1
102,China Life Insurance,1
103,Ant Financial Services Group,2
104,Runa Capital,1
105,Baidu Capital,1
106,Walden International,1
107,Clermont Group,1
108,Matrix Partners India,1
109,Google Ventures,7
110,Alven Capital,2
111,Eight Roads Ventures,2
112,Capital One Growth Ventures,1
113,Falcon Edge Capital,1
114,India Quotient,1
115,Two Sigma Ventures,2
116,Venture Highway,1
117,Oak HC/FT Partners,1
118,Sierra Ventures,2
119,China Grand Prosperity Investment,2
120,Threshold Ventures,2
121,Creandum,1
122,Advent International,5
123,Greylock Partners,8
124,Ontario Teachers' Pension Plan,1
125,Passion Capital,2
126,CDH Investments,1
127,Salesforce Ventures,3
128,Chiratae Ventures,4
129,Pudong VC,1
130,Mayfield Fund,3
131,Atop Capital,1
132,Playground Global,2
133,Vista Equity Partners,2
134,Speedinvest,2
135,Goodwater Capital,4
136,Formation 8,1
137,Zeev Ventures,5
138,Dragoneer Investment Group,2
139,Drive Capital,1
140,Georgian Partners,2
141,Blackrock,2
142,Fifth Wall Ventures,2
143,Fairfax Financial Holdings,1
144,China Health Industry Investment Fund,1
145,Casa Verde Capital,1
146,Upfront Ventures,3
147,Qualcomm Ventures,6
148,Breakthrough Energy Ventures,2
149,01 Advisors. Kleiner Perkins Caufield & Byers. Andreessen Horowitz,1
150,Silver Lake,1
151,NewView Capital,1
152,EQT Partners,2
153,Activant Capital Group,1
154,First Round Capital,1
155,Elaia Partners,1
156,Airbus Ventures,1
157,WestCap Group,1
158,DN Capital,1
159,Madrona Venture Group,4
160,Kleiner Perkins Caufield & Byers,9
161,Mithril Capital Management,1
162,Goldman Sachs,4
163,Blume Ventures,2
164,China Environmental Protection Industry,1
165,JTC Group,1
166,Geely,1
167,Greycroft,3
168,Moore Strategic Ventures,1
169,Alibaba Pictures Group,1
170,Tiger Global,1
171,AME Cloud Ventures,1
172,M12,1
173,The Column Group,2
174,Susquehanna Growth Equity,1
175,Morningside Ventures,2
176,CPP Investment Board,1
177,Holtzbrinck Ventures,1
178,Artiman Ventures,2
179,Sequoia Capital Israel,1
180,ICONIQ Capital,1
181,ConsenSys Ventures,1
182,Silversmith Capital Partners,1
183,Cambridge Innovation Capital,1
184,Spectrum Equity,1
185,Iconiq Capital,1
186,Brookfield Asset Management,1
187,Balderton Capital,2
188,Uncork Capital,1
189,Jackson Square Ventures,3
190,Fabric Ventures,2
191,Uniion Square Ventures,1
192,83North,1
193,Green Visor Capital,1
194,Bnk To The Future,1
195,Monashees+,2
196,Point72 Ventures,2
197,Mubadala Capital,1
198,Dell Technologies Capital,1
199,Data Collective,1
200,Makers Fund,1
201,HD Capital,1
202,Notion Capital,2
203,Goldman Sachs Asset Management,4
204,Forest Partners,1
205,British Patient Capital,1
206,Motive Partners,1
207,Redpoint Ventures,4
208,Contour Venture Partners,2
209,Vertex Ventures Israel,1
210,JD.com,1
211,Foundry Group,2
212,Big Bets,1
213,Rhone Capital,1
214,FAW Group,1
215,Coatue Managemeny,1
216,Warburg Pincus,4
217,Aspect Ventures,1
218,CRV,4
219,The Blue Venture Fund,1
220,Stripes Group,1
221,Soros Fund Management,1
222,Shunwei Capital Partners,3
223,Romulus Capital,1
224,Info Edge,1
225,Liberty City Ventures,2
226,T. Rowe Price,2
227,The Rise Fund,1
228,Emergence Capital Partners,1
229,Octopus Ventures,1
230,Kibo Ventures,1
231,IMM Investment,2
232,V FUND,1
233,Revolution,1
234,RedBird Capital Partners,1
235,Relay Ventures,1
236,Softbank Group,1
237,Knox Lane,1
238,Expa,1
239,Pantera Capital,3
240,Eastern Bell Capital 32,1
241,Bain Capital Ventures,5
242,Zhangjiang Haocheng Venture Capital,1
243,Deer Park Road,1
244,Lightspeed China Partners,1
245,8VC,5
246,Plug and Play Ventures,1
247,Polychain Capital,2
248,Foundation Capital,3
249,ICONIQ Growth,1
250,GSR Ventures,1
251,Cherry Ventures,2
252,Dragonfly Capital,1
253,L Capital Partners,1
254,RRE Ventures,1
255,Zheshang Venture Capital,1
256,Toyota Motor Corporation,1
257,Pitango Venture Capital,1
258,Qiming Venture Partners,6
259,Magma Venture Partners,1
260,Bertelsmann Asia Investments,2
261,Viola Ventures,2
262,Matrix Partners China,5
263,Jerusalem Venture Partners,1
264,Tiantu Capital,2
265,Highland Capital Partners,2
266,Tomales Bay Capital,1
267,Meritech Capital Partners,1
268,next47,2
269,Undisclosed,2
270,Alta Ventures Mexico,1
271,A&NN,1
272,Ignition Partners,1
273,Japan Post Capital,1
274,Rethink Impact,1
275,Northern Light Venture Capital,1
276,Obvious Ventures,2
277,Northzone Ventures,2
278,K9 Ventures,1
279,Gauss Ventures,1
280,ClalTech,1
281,Breega Capital,1
282,DCM Ventures,1
283,SEED Capital,1
284,Betaworks Ventures,1
285,Porsche,1
286,Volcanics Ventures,1
287,Black Pearl Ventures,1
288,Trustbridge Partners,2
289,Square Peg Capital,1
290,FirstMark Capital,5
291,K2VC,1
292,e.ventures,1
293,btov Partners,1
294,Automobile Industry Guidance Fund,1
295,The Carlyle Group,2
296,Fashion Tech Lab,1
297,SOSV,1
298,Gunosy Capital,1
299,Future Ventures,1
300,Jiangsu Sha Steel Group,1
301,Blumberg Capital,1
302,YL Ventures,1
303,Viking Global Investors,2
304,Tao Capital Partners,1
305,Alta Partners,2
306,PBM Capital Group,1
307,Liberty Global Ventures,1
308,Altitude Life Science Ventures,1
309,Stripe,1
310,Eurazeo,1
311,DataTribe,1
312,Crosslink Capital,3
313,Gobi Partners,1
314,Paradigm,2
315,Boxin Capital,1
316,Alpha Wave Global,1
317,Cybernaut Growth Fund,1
318,Yabeo Capital,1
319,TPG Growth,1
320,GAM Holding,1
321,People Electrical Appliance Group China,1
322,OMERS Private Equity,1
323,Blackbird Ventures,1
324,GreatPoint Ventures,2
325,Altitude Life Science Ventures. T. Rowe Price,1
326,March Capital Partners,2
327,BEENEXT,1
328,QED Investors,2
329,Craft Ventures,3
330,IFC,1
331,Moderne Ventures,1
332,Guozhong Venture Capital Management,1
333,Centurium Capital,1
334,CE-Ventures,1
335,China Creation Ventures,1
336,Clocktower Technology Ventures,1
337,MPM Capital,1
338,Volkswagen,1
339,Legend Capital,1
340,Source Code Capital,4
341,Max Ventures,1
342,Rubicon Technology Partners,1
343,Moonshots Capital,1
344,Deciens Capital,1
345,Digital Currency Group,1
346,Amiti Ventures,1
347,Felicis Ventures,1
348,VGames,1
349,Scale Venture Partners,2
350,Ant Group,2
351,Spark Capital,3
352,Nyca Partners,1
353,Accomplice,3
354,PSG,1
355,Fifty Years Fund,1
356,Redpoint e.ventures,1
357,Brighton Park Capital,1
358,Samsung Ventures,1
359,L Catterton,2
360,Kalaari Capital,1
361,Amplify Partners,1
362,Sodexo Ventures,1
363,DeFi Technologies,1
364,BMW i Ventures,1
365,Global Emerging Markets,1
366,Eastern Bell Capital,3
367,BoxGroup,1
368,Marathon Venture Partners,1
369,Baidu,1
370,Ding Xiang Capital,1
371,Taigang Venture Capital,1
372,Left Lane Capital,3
373,Slow Ventures,1
374,Kickstart Fund,1
375,Bonfire Ventures,1
376,Newion Partners,1
377,TLV Partners,2
378,BNP Paribas,1
379,Phoenix New Media,1
380,Seaya Ventures,1
381,Durable Capital Partners,1
382,Helion Venture Partners,2
383,Signal Peak Ventures,1
384,Refactor Capital,1
385,Simon Equity Partners,1
386,Innovation Endeavors,2
387,Propel Venture Partners,1
388,DESUN Capital,1
389,Green Pine Capital Partners,1
390,Marchmont Ventures,1
391,Atinum Investment,1
392,Advantech Capital,1
393,SC.Holdings,1
394,ARCH Venture Partners,1
395,BlueCross BlueShield Venture Partners,1
396,Bertelsmann India Investments,1
397,York Capital Management,1
398,N5 Capital,1
399,SignalFire,1
400,LocalGlobe,2
401,Chromo Invest,1
402,UNITY VENTURES,1
403,AirTree Ventures,1
404,Dynamo VC,1
405,Mitsubishi Corporation,1
406,Dark Horse Technology Group,1
407,Javelin Venture Partners,2
408,Dila Capital,1
409,Castle Island Ventures,1
410,G Squared,1
411,TSG Consumer Partners,1
412,Nextech Invest,1
413,Trane Technologies,1
414,Leta Capital,1
415,Cool Japan Fund,1
416,Wamda Capital,1
417,CreditEase Fintech Investment Fund,1
418,ICG,1
419,SWaN & Legend Ventures,1
420,IA Ventures,1
421,Version One Ventures,2
422,Flagship Pioneering,1
423,Costanoa Ventures,1
424,Partech Partners,1
425,Newpath Partners,1
426,Polaris Partners,1
427,RPM Ventures,1
428,Kinnevik,1
429,L'Occitane,1
430,SoftBank Latin America Fund,1
431,Mayfield,2
432,CVC Capital Partners,1
433,CDIB Capital,1
434,Russia-China Investment Fund,1
435,Pelion Venture Partners,2
436,China Reform Fund,1
437,Draper Fisher Jurtson,1
438,Mithril,1
439,Ardian,2
440,Opus Capital,1
441,Accelm Scania Growth Capital,1
442,Auriga,1
443,China Culture Industrial Investment Fund,1
444,Pritzker Group Venture Capital,1
445,Glory Ventures,1
446,CMFG Ventures,1
447,HV Capital,1
448,Intact Ventures,1
449,M13,1
450,Mangrove Capital Partners,1
451,WestBridge Capital,1
452,Edison Partners,1
453,Kaiser Permanente Ventures,1
454,GSV Ventures,1
455,Franklin Templeton,1
456,Beijing Juneng Hesheng Industry Investment Fund,1
457,Shenzhen Capital Group,1
458,QF Capital,1
459,AF Ventures,1
460,Inflexion Private Equity,1
461,SAIF Partners India,1
462,Fireside Ventures,1
463,Jump Capital,1
464,FundersClub,1
465,Bain Capital Tech Opportunities,1
466,American Family Ventures,2
467,Lindeman Asia Investment,1
468,Intel Capital,1
469,Shell Ventures,1
470,Silverton Partners,2
471,Meson Capital Partners,1
472,Astorg Partners,1
473,Railway Pension Trustee Co. Ltd.,1
474,SoftBankGroup,1
475,Silver Lake Partners,1
476,Banyan Capital,1
477,5Y Capital,1
478,SAIF Partners China,1
479,China Minsheng Investment,1
480,QiMing Venture Partners,1
481,Hinduja Group,1
482,Berkshire Partners,1
483,58.com,1
484,K2 Ventures,1
485,Standard Chartered,1
486,Blue Label Telecoms,1
487,Co-Energy Finance,1
488,K2 Global,1
489,Morningside Venture Capital,1
490,Ginko Ventures,1
491,Fosun RZ Capital,1
492,V Star Capital,1
493,China Investment Corporation,1
494,Silicon Valley Bank,1
495,Innova Capital - FIP,1
496,One Luxury Group,1
497,Prometheus Capital,1
498,Yunfeng Capital,1
499,GCP Capital Partners,1
500,Sinovation Ventures,1
501,U.S.-China Green Fund,1
502,Lakestar,1
503,China Everbright Limited,1
504,Georgian Co-Investment Fund,1
505,Movile,1
506,Astanor Ventures,1
507,BOC International,1
508,Trinity Ventures,2
509,China Prosperity Capital,1
510,TAL Education Group,1
511,SBI Investment Korea,1
512,Koch Disruptive Technologies,1
513,Investment Corporation of Dubai,1
514,FTV Capital,2
515,OLX Group,1
516,One Equity Partners,1
517,Novator Partners,1
518,Sozo Ventures,1
519,Bain Capital,2
520,MMC Ventures,1
521,WRVI Capital,1
522,Flybridge Capital Partners,1
523,Wellington Management,1
524,Storm Ventures,1
525,SCB 10X,1
526,C5 Capital,1
527,Bojiang Capital,1
528,Owl Ventures,1
529,Yinhong Equity Investment Fund,1
530,TDK Ventures,1
531,Smilegate Investment,1
532,XBTO Ventures,1
533,Griffin Gaming Partners,1
534,Eclipse Ventures,2
535,Xingwang Investment Management,1
536,Iris Capital,1
537,Invus Group,1
538,Bregal Sagemount,1
539,Optum Ventures,1
540,Delian Capital,1
541,Genesis Partners,1
542,Day One Ventures,1
543,Advance Venture Partners,1
544,Hyde Park Venture Partners,2
545,NetEase Capital,1
546,Wing Venture Capital,1
547,Female Founders Fund,1
548,NFX,1
549,Anthemis,1
550,Rembrandt Venture Partners,1
551,Yunqi Partners,1
552,Softbank Ventures Asia,1
553,3one4 Capital Partners,2
554,True Ventures,1
555,IAG Capital Partners,1
556,Vitruvian Partners,1
557,Valor Capital Group,1
558,Lerer Hippeau,1
559,Cowboy Ventures,1
560,Korea Investment Private Equity,1
561,Acero Capital,1
562,Equal Ventures,1
563,BlueRun Ventures,1
564,Paladin Capital Group,1
565,RRE Ventures+,1
566,Prysm Capital,1
567,Danone Manifesto Ventures,1
568,NewAlpha,1
569,Alpargatas,1
570,Vostok New Ventures,1
571,Horizons Ventures,1
572,TPG Capital,1
573,AWZ Ventures,1
574,Lightspeed India Partners,2
575,Next Play Ventures,1
576,Multicoin Capital,1
577,Earlybird Venture Capital,1
578,Lemniscap VC,1
579,Fasanara Capital,1
580,U.S. Venture Partners,1
581,Wildcat Capital Management,1
582,Green Bay Ventures,1
583,Prime Movers Lab,1
584,Primary Venture Partners,1
585,Japan Industrial Partners,1
586,Varengold Bank,1
587,Emergence Capital,1
588,iSeed Ventures,1
589,Creades,1
590,Hedosophia,1
591,Valar Ventures,1
592,AMF Pensionsforsakring,1
593,Sinar Mas Digital Ventures,1
594,Homebrew,1
595,Gaja Capital Partners,1
596,Boost VC,1186
597, Softbank,2
598,,143
599, DCM Ventures,6
600, Venture Highway,1
601, ZhenFund,4
602, DC Thomson Ventures,1
603, Golden Gate Ventures,3
604, Alibaba Entrepreneurs Fund,1
605, Qualgro,1
606, DST Global,7
607, Activant Capital,1
608, Visa Ventures,1
609, IDG Capital,9
610, Dynamic Parcel Distribution,1
611, Qatar Investment Authority,1
612, Sina Weibo,1
613, Rothenberg Ventures,1
614, Shunwei Capital Partners,2
615, capitalG,3
616, Matrix Partners,3
617, Collaborative Fund,1
618, Battery Ventures,6
619, Ribbit Capital,5
620, Smash Ventures,1
621, Temasek Holdings,3
622, Homebrew,1
623, Sequoia Capital India,6
624, Tencent,4
625, Sequoia Capital China,10
626, Technology Crossover Ventures,3
627, Tencent Holdings,10
628, Anthos Capital,2
629, Gaorong Capital,3
630, Lightspeed Venture Partners,13
631, Lakestar,1
632, Index Ventures,9
633, Sound Ventures,6
634, Breyer Capital,1
635, Venrock,4
636, Sequoia Capital,14
637, Greenoaks Capital Management,2
638, Davidson Kempner Capital Management,1
639, Y Combinator,7
640, Revo Capital,1
641, Founder Collective,1
642, Qualcomm Ventures,2
643, Kleiner Perkins Caufield & Byers,7
644, Jiangsu Sha Steel Group,1
645, General Atlantic,11
646, Addition,1
647, Yunfeng Capital,1
648, Norwest Venture Partners,6
649, Xiang He Capital,1
650, Coatue Management,10
651, Storm Ventures,2
652, Felicis Ventures,3
653, Advent International,2
654, Softbank Group,3
655, Jump Crypto,1
656, North Bridge Growth Equity,1
657, BA Capital,1
658, Valar Ventures,2
659, Astral Capital,1
660, Goldman Sachs,4
661, TPG Growth,1
662, Pokemon Company International,1
663, Durable Capital Partners,1
664, Mountain Nazca,1
665, Accel,13
666, Picus Capital,1
667, Bain Capital Credit,1
668, TMT Investments,1
669, Group 11,1
670, Lightbank,1
671, Steadview Capital,1
672, Stripes Group,3
673, First Round Capital,1
674, B Capital Group,1
675, Highland Capital Management,1
676, Andreessen Horowitz,13
677, Institutional Venture Partners,2
678, Matrix Partners India,3
679, Polaris Partners,1
680, Union Square Ventures,1
681, Wing Venture Capital,2
682, Zeev Ventures,1
683, 10T Fund,2
684, SignalFire,3
685, Coinbase Ventures,2
686, New Enterprise Associates,3
687, Skip Capital,1
688, General Catalyst,12
689,,1
690, GS Growth,4
691, IA Ventures,2
692, VY Capital,1
693, MenloVentures,1
694, UBS,1
695, Insight Partners,12
696, Borui Capital,1
697, Huasheng Capital,1
698, Redpoint Ventures,4
699, Daphni,2
700, Summit Partners,2
701, Craft Ventures,1
702, Canaan Partners,3
703, ICONIQ Capital,4
704, SoftBank Group,9
705, CITIC Securities International,1
706, Point Nine Capital,1
707, Morningside Venture Capital,2
708, Huagai Capital,1
709, Intel Capital,3
710, LeapFrog Investments,1
711, Toscafund Asset Management,1
712, FirstMark Capital,3
713, PayPal Ventures,4
714, Ignition Partners,2
715, OMERS Ventures,4
716, Commerce Ventures,4
717, Prosus Ventures,5
718, WestCap Group,2
719, Quona Capital,1
720, Asset Management Ventures,1
721, Oriza Equity Investment,1
722, Crosslink Capital,1
723, Kinnevik,1
724, Revolution Ventures,1
725, Providence Ventures,1
726, T. Rowe Price,2
727, Burda Principal Investments,1
728, Sinovation Ventures,1
729, Orange Digital Ventures,1
730, Qiming Venture Partners,6
731, Trinity Ventures,2
732, ICONIQ Growth,1
733, Viking Global Investors,2
734, Tribe Capital,2
735, Geodesic Capital,1
736, TDR Capital,1
737, Uniqa Ventures,2
738, XVC Venture Capital,1
739, Comcast Ventures,1
740, Foxconn Technology Company,1
741, TLV Partners,1
742, CRV,4
743, JMI Equity,1
744, Threshold Ventures,2
745, Bond Capital,1
746, Ascension Ventures,1
747, Khosla Ventures,3
748, American Express Ventures,1
749, Google Ventures,8
750, Cowboy Ventures,1
751, 	ICONIQ Capital,1
752, TVS Capital,1
753, and Sequoia Capital China,1
754, Charter Venture Capital,1
755, Thrity Five Ventures,1
756, Dell Technologies Capital,2
757, D1 Capital Partners,4
758, Silver Lake,3
759, Valor Equity Partners,1
760, New Era Ventures,1
761, Citi Ventures,2
762, Wonder Ventures,1
763, Two Sigma Ventures,2
764, Ridge Ventures,1
765, Franklin Templeton,1
766, Baillie Gifford & Co.,1
767, Felix Capital,2
768, Salesforce Ventures,3
769, True Ventures,1
770, Tiger Global Management,20
771, Capricorn Investment Group,1
772, Vertex Ventures,1
773, Fidelity Investment,2
774, China State Capital Venture Capital Fund,1
775, Revolution Growth,1
776, Kenetic Capital,1
777, Earlybird Venture Capital,1
778, Google Capital,1
779, Cocnord Health Partners,1
780, Bertelsmann India Investments,1
781, Blockchain Capital,1
782, Imaginary Ventures,1
783, Foresite Capital,1
784, BlackRock,8
785, Microsoft ScaleUp,1
786, Expedia Inc.,1
787, CreditEase Fintech Investment Fund,1
788, GGV Capital,5
789, PUC,1
790, Escala Capital,1
791, Grayhawk Capital,1
792, Data Collective,2
793, Bloomberg Beta,1
794, Standard Crypto,1
795, Lightspeed Venture Capital,1
796, Jump Capital,5
797, Pitango Venture Capital,2
798, Lux Capital,3
799, Schonfeld Strategic Advisors,1
800, Greycroft,5
801, Bond,1
802, SBI Investment,1
803, Bedrock Capital,1
804, QED Investors,2
805, BEENEXT,2
806, Portag3 Ventures,1
807, Amadeus Capital Partners,1
808, General Catalyst Partners,1
809, Javelin Venture Partners,1
810, Inova Ventures Participacees,1
811, Vintage Investment Partners,1
812, China Fortune Land Development,1
813, Kite Ventures,1
814, IQ Capital,1
815, Partech Partners,2
816, Core Capital Partners,1
817, Liberty Gloval Ventures,1
818, Emerge,1
819, Vision Plus Capital,1
820, SOFTBANK Latin America Ventures,1
821, MSD Capital,1
822, Founders Fund,6
823, Tus Holdings,1
824, Nexus Venture Partners,1
825, HarbourVest Partners,1
826, Greylock Partners,2
827, National Grid Partners,1
828, Longitude Capital,1
829, Temasek,5
830, Spark Capital,4
831, Malabar Investments,1
832, Monashees+,3
833, Go-Ventures,1
834, Guangzhou Huiyin Aofeng Equity Investment Fund,2
835, RedBird Capital Partners,1
836, Wakefield Group,1
837, Mithril Capital Management,2
838, Flybridge Capital Partners,2
839, Aleph,2
840, Chicago Ventures,2
841, Roche Venture Fund,1
842, CommerzVentures,1
843, Atomico,3
844, Green Pine Capital Partners,1
845, Caterpillar,1
846, Scale Venture Partners,3
847, Canapi Ventures,2
848, Sofinnova Partners,1
849, Carlson Private Capital Partners,1
850, Foundation Capital,2
851, Section 32,1
852, Trustbridge Partners,1
853, Eldridge,2
854, Sway Ventures,1
855, Creandum,2
856, Valiant Capital Partners,1
857, Elevation Capital,1
858, Streamlined Ventures,1
859, Balderton Capital,4
860, Global Founders Capital,2
861, Clocktower Technology Ventures,2
862, August Capital,1
863, 58.com,1
864, Insight Venture Partners,1
865, Western Capital Management,1
866, Benchmark,1
867, FANUC,1
868, Foundry Group,2
869, Bank of China,1
870, Ireland Strategic Investment Fund,1
871, Linear Venture,2
872, Qumra Capital,1
873, Bain Capital Ventures,2
874, Hongtai Capital Holdings,1
875, World Lab Innovation,1
876, Vision Knight Capital,1
877, Emergence Capital Partners,2
878, Spectrum Equity,1
879, Kima Ventures,1
880, Genesis Capital,1
881, FinVC,1
882, Gradient Ventures,1
883, SciFi VC,1
884, Redpoint Ventures China,2
885, RRE Ventures,1
886, FutureX Capital,1
887, Quiet Capital,1
888, Novator Partners,2
889, Altimeter Capital,1
890, Ayala Corporation,1
891, dmg ventures,1
892, Oryzn Capital,1
893, Pantera Capital,1
894, EQT Ventures,1
895, 360 Capital Partners,1
896, Siam Commercial Bank,1
897, Socii Capital,1
898, Hillhouse Capital Management,3
899, Bessemer Venture Partners,6
900, Warburg Pincus,1
901, Yuanta Investment Korea,1
902, Alven Capital,2
903, Sky9 Capital,1
904, ARCH Venture Partners,1
905, TPG Capital,1
906, Maverick Ventures Israel,1
907, Fifth Wall Ventures,2
908, kt investment,1
909, Vast Ventures,1
910, ClalTech,1
911, Lerer Hippeau,1
912, Das Capital,1
913, Moore Capital Management,2
914, Funa Yuanchuang Technology,1
915, BDC Venture Capital,1
916, Avenir Growth Capital,1
917, Winklevoss Capital,1
918, Chengwei Capital,1
919, Echo Health Ventures,1
920, Blue Cloud Ventures,1
921, Alaska Permanent Fund,1
922, Harrison Metal,1
923, AllegisCyber Capital,1
924, Sapphire Ventures,1
925, Crane Venture Partners,1
926, Geekdom Fund,1
927, Ondine Capital,1
928, Crossbeam Venture Partners,1
929, NFX,1
930, Jove Equity Partners,1
931, Vulcan Capital,1
932, enaya Capital,1
933, L Catterton,1
934, Aker,1
935, Light Street Capital,1
936, TI Platform Management,1
937, Launchpad Venture Group,1
938, Left Lane Capital,1
939, S Capital,1
940, Verissimo Ventures,1
941, Paradigm,1
942, Bjarke Ingels Group,1
943, Oriental Fortune Capital,1
944, Unicom Innovation Venture Capital,2
945, Nordstar,1
946, Xingwang Investment Management,1
947, Buhuo Venture Capital,1
948, Midea Capital,1
949, Kaszek Ventures,1
950, F2 Ventures,1
951, Vostok New Ventures,1
952, Yinxinggu Capital,1
953, JOY Capital,1
954, 14W,1
955, Inclusive Capital Partners,1
956, Blu Venture Investors,1
957, F-Prime Capital,2
958, 500 Startups,1
959, Korelya Capital,1
960, Silversmith Capital Partners,2
961, Rembrandt Venture Partners,1
962, Blackbird Ventures,1
963, Galaxy Interactive,1
964, Bow Wave Capital,1
965, CRE Venture Capital,1
966, Connect Ventures,1
967, GoldenTree Asset Management,1
968, Kalaari Capital,1
969, SoftBank Latin America Fund,1
970, Workday Ventures,1
971, SV Angel,1
972, BP Ventures,1
973, First Light Capital Group,1
974, 	Human Capital,1
975, Fontinalis Partners,1
976, Madrona Venture Group,1
977, Sierra Ventures,1
978, M13,1
979, Susa Ventures,1
980, Lightrock,1
981, Maersk Growth,1
982, Marshland Capital,1
983, Longzhu Capital,1
984, Camber Creek,1
985, China Creation Ventures,1
986, Sino-Ocean Capital,1
987, 	Northzone Ventures,1
988, Drive Capital,1
989, FJ Labs,2
990, TriplePoint Capital,2
991, Doha Venture Capital,1
992, Google,1
993, Rakuten,1
994, STO Express,1
995, Forerunner Ventures,1
996, Blumberg Capital,2
997, 	T. Rowe Price,1
998, BOND,1
999, BGF Ventures,1
1000, Sigma Prime Ventures,1
1001, Fifty Years Fund,1
1002, Holtzbrinck Ventures,1
1003, Anthem Venture Partners,1
1004, Tenaya Capital,1
1005, DAG Ventures,1
1006, BBVA,1
1007, Meridian Capital,1
1008, Matrix Partners China,2
1009, Broom Ventures,1
1010, Shenzhen Capital Group,2
1011, GIC,2
1012, Tiantu Capital Co.,1
1013, Bolt Ventures,1
1014, Koch Disruptive Technologies,1
1015, SoGal Ventures,1
1016, Capital Today,1
1017, JD Digits,1
1018, Spotify,1
1019, International Finance Corporation,2
1020, Anthermis,1
1021, Wipro Ventures,1
1022, Summer Capital,1
1023, Kraken Ventures,1
1024, 	Lightspeed Venture Partners,1
1025, MassMutual Ventures,1
1026, Chuanrong Capital,1
1027, Kefa Capital,1
1028, GF Xinde Investment Management Co.,1
1029, Primitive Forest Holdings Group,1
1030, Outrun Ventures,1
1031, Thrive Capital,3
1032, Alumni Ventures Group,2
1033, 3L,1
1034, Legend Capital,1
1035, The Carlyle Group,2
1036, Riverwood Capital,1
1037, Highland Capital Partners,1
1038, Presidio Ventures,1
1039, Advancit Capital,1
1040, Bezos Expeditions,1
1041, Group GSR Ventures,1
1042, Invus Group,1
1043, AME Cloud Ventures,1
1044, Investment Corporation of Dubai,1
1045, Quadrille Capital,1
1046, Carrick Capital Partners,1
1047, Perpetual Investors,1
1048, Meritech Capital Partners,1
1049, Sunley House Capital Management,1
1050, Operator Collective,1
1051, Epiq Capital,1
1052, Sequoia Capital Israel,1
1053, INGKA Investments,1
1054, Blackstone,1
1055, FTX Venture,1
1056, Flourish Ventures,1
1057, Verizon Ventures,1
1058, K2VC,2
1059, Far East Horizon,1
1060, 3x5 Special Opportunity Partners,1
1061, Thoma Bravo,2
1062, Insights Partners,1
1063, CMFG Ventures,1
1064, Jinhui Xingye,1
1065, Sinar Mas Indonesia,1
1066, Munich Re Ventures,1
1067, Valo Ventures,1
1068, Industry Ventures,2
1069, Alibaba Group,4
1070, Newsion Venture Capital,1
1071, Sunstone Capital,1
1072, KKR,1
1073, Highland Europe,1
1074, Target Global,1
1075, China Minsheng Investment Group,1
1076, Hyde Park Venture Partners,1
1077, Moderne Ventures,1
1078, Base10 Partners,1
1079, Lightspeed India Partners,1
1080, Lone Pine Capital,1
1081, AltaIR Capital,1
1082, Trifecta Capital,1
1083, Elevar Equity,1
1084, VentureLink,1
1085, Evolution Equity Partners,1
1086, LRVHealth,1
1087, IvyCap Ventures,1
1088, SeptWolves Ventures,1
1089, SC.Holdings,1
1090, Promecap,1
1091, Trifecta Capital Advisors,1
1092, Stellaris Venture Partners,1
1093, Merrysunny Wealth,1
1094, 	01 Advisors,1
1095, Moore Strategic Ventures,1
1096, Shanghai Electric Group,1
1097, OGCI Climate Investments,1
1098, Beyond Net Zero,1
1099, Lowercase Capital,1
1100, Spring Ventures,1
1101, Rho Ventures,1
1102, Sherpalo Ventures,1
1103, IDG Capital Partners,1
1104, K2 Ventures,1
1105, Ping An Insurance,1
1106, Wanxin Media,1
1107, Silverlink Capital,1
1108, Pritzker Group Venture Capital,1
1109, Sands Capital,1
1110, Affirma Capital,1
1111, Shenzhen Qianhe Capital Management Co.,1
1112, Haitong Leading Capital Management,1
1113, European Founders Fund,1
1114, CDH Investments,1
1115, JD Capital Management,1
1116, Shang Qi Capital,1
1117, Richland Equities,1
1118, iFLYTEK,1
1119, Galaxy Digital,1
1120, Naspers,1
1121, Mubadala Capital,1
1122, IDInvest Partners,1
1123, Hongxiu VC,1
1124, OpenView Venture Partners,1
1125, EXOR Seeds,1
1126, Costanoa Ventures,1
1127, 8VC,1
1128, Causeway Media Partners,1
1129, Songhyun Investment,1
1130, Unilever Ventures,1
1131, eWTP Capital,1
1132, The Venture Collective,1
1133, Initialized Capital,1
1134, Mobai Capital,1
1135, Tao Capital Partners,1
1136, M12,2
1137, GE Ventures,1
1138, Menlo Ventures,1
1139, Hundreds Capital,1
1140, Origin Ventures,1
1141, Ideal International,1
1142, Ballast Point Ventures,1
1143, NIO Capital,1
1144, BlockTower Capital,1
1145, G Squared,1
1146, KTB Ventures,1
1147, MSA Capital,1
1148, SK Ventures,1
1149, Elaia Partners,1
1150, Bling Capital,1
1151, Johnson & Johnson Innovation,1
1152, Transformation Capital,1
1153, Georgian Partners,2
1154, Pereg Ventures,1
1155, Team8,1
1156, Draper Esprit,1
1157, Peterson Ventures,1
1158, Lupa Systems,1
1159, Adams Street Partners,1
1160, AU21,1
1161, Madera Technology Partners,1
1162, Microsoft,1
1163, SEEK,1
1164, Uncork Capital,1
1165, Hanwha Investment & Securities,1
1166, Point72 Ventures,1
1167, ACE & Company,1
1168, Mayfield,1
1169, Amasia,1
1170, Northzone Ventures,2
1171, Providence Equity Partners,1
1172, Altos Ventures,1
1173, iVision Ventures,1
1174, Omidyar Network,1
1175, Insignia Ventures Partners,1
1176, Vertex Ventures SE Asia,1
1177, Tru Arrow Partners,1
1178, GMO VenturePartners,1
1179, Straumann,1
1180, Eclipse Ventures,1
1181, FreesFund,1
1182, Hearst Ventures,1
1183, Redalpine Venture Partners,1
1184, Korea Investment Partners,1
1185, Norma Investments,1
1186, Meituan Dianping,1
1187, Victory Park Capital,1
1188, NJF Capital,1
1189, Navitas Capital,1
1190, Ten Eleven Ventures,2
1191, TDM Growth Partners,1
1192, Breakthrough Energy Ventures,1
1193, 83North,1
1194, CyberStarts,1
1195, Alpha JWC Ventures,1
1196, TA Associates,1
1197, First Ascent Ventures,1
1198, Array Ventures,1
1199, Endiya Partners,1
1200, Endeavor,1
1201, Dragonfly Capital Partners,1
1202, Polychain Capital,1
1203, Hanaco Ventures,1
1204, STRIVE,1
1205, Baleen Capital,1
1206, Eden Global Partners,1
1207, Tola Capital,1
1208, Shasta Ventures,1
1209, I Squared Capital,1
1210, Vista Equity Partners,1
1211, Harmonic Growth Partners,1
1212, NEC,1
1213, Coparion,1
1214, Buckley Ventures,1
1215, Verdane Capital,1
1216, Cisco Investments,2
1217, MoreVC,1
1218, WestBridge Capital,1
1219, Hyde Park Angels,1
1220, Gaingels,1
